name,display_name,pr_auc,roc_auc,brier,log_loss,recall_at_top10,precision_at_top10,n,n_pos,fit_time_s,predict_time_s
catboost,CatBoost,0.1718647516094395,0.6854340391151588,0.0838440504021406,0.2978588986869503,0.2105455685618729,0.202870090634441,198597,19136,21.312514066696167,0.5647597312927246
xgboost,XGBoost,0.1715825952594684,0.6854297641321498,0.0838525147713431,0.2978557108126384,0.2116952341137123,0.2039778449144008,198597,19136,15.101383447647097,0.8784584999084473
hist_gradient_boosting,Hist Gradient Boosting,0.1704989486136328,0.684697096951026,0.0838809802888062,0.2980386771414532,0.2096571906354515,0.2020140986908358,198597,19136,25.681724309921265,1.2842364311218262
lightgbm,LightGBM,0.1703992034874844,0.6846220228215802,0.0838928337405695,0.2980425870868338,0.210388795986622,0.2027190332326284,198597,19136,12.159348249435425,0.8152697086334229
random_forest,Random Forest,0.16929282923099,0.6814832617791078,0.0840093250255657,0.2988414479821487,0.2066785117056856,0.1991440080563947,198597,19136,396.4595568180084,1.1558053493499756
extra_trees,Extra Trees,0.1671475927095015,0.6772739896357056,0.0841583095853917,0.2997043010498066,0.2039611204013378,0.1965256797583081,198597,19136,462.4702379703522,1.161423683166504
logistic_regression,Logistic Regression,0.1666818915557716,0.6777934235122008,0.0841486170725401,0.2997616224625181,0.2047972408026755,0.1973313192346425,198597,19136,6.145243406295776,0.3496134281158447
