method,brier,pr_auc,roc_auc,log_loss,is_winner
uncalibrated,0.08349025611657901,0.17186551489325924,0.6875715050243973,0.2967398774814071,True
isotonic,0.08352465691358721,0.16893962611740823,0.6871787185216065,0.2969542880763615,False
platt,0.08372841804934278,0.17186551489325924,0.6875715050243973,0.298261480926431,False
