name,pr_auc,roc_auc,brier,log_loss,recall_at_top10,precision_at_top10,n,n_pos,fit_time_s,predict_time_s,meta_intercept,meta_coef
ensemble/voting_mean,0.17198278565314495,0.6876448438240395,0.08348660844507752,0.29675406495013673,0.21182626896912612,0.20331491712707184,99554,9555,0.0,0.0010006427764892578,,
ensemble/stacking_lr,0.1719819186758131,0.6876480021822906,0.08369354982053162,0.29820372881679236,0.2119309262166405,0.20341536916122552,99554,9555,0.06704235076904297,0.0,-3.4193092275083794,"{""xgboost"": 3.6750462263038304, ""catboost"": 3.6008932666416733, ""hist_gradient_boosting"": 3.5501715741574578}"
base/catboost,0.17191047817293498,0.6875552876222725,0.08348929144550365,0.2967880542480695,0.2129774986917844,0.20441988950276244,99554,9555,,,,
base/xgboost,0.17186551489325924,0.6875715050243973,0.08349025611657901,0.2967398774814071,0.21119832548403977,0.20271220492214967,99554,9555,,,,
base/hist_gradient_boosting,0.17131195577174468,0.686846922870339,0.08351795583694781,0.29694456415796955,0.21245421245421245,0.20391762933199398,99554,9555,,,,
