split,n_beneficiaries,n_encounters,positive_rate
train,526866,927893,0.09598197205927839
val,112901,198597,0.0963559368973348
test,112901,198691,0.09661736062529254
