name,display_name,best_cv_pr_auc,best_trial,pr_auc,roc_auc,brier,log_loss,recall_at_top10,precision_at_top10,n,n_pos,tuning_seconds,refit_seconds,best_params
xgboost,XGBoost,0.17256533643725827,7,0.1717098112467441,0.6852933242974191,0.08384811501392435,0.29788064716664236,0.21075459866220736,0.20307150050352468,198597,19136,896.3801765441895,23.24478030204773,"{'n_estimators': 800, 'max_depth': 4, 'learning_rate': 0.020361094832231294, 'min_child_weight': 16, 'subsample': 0.9881146304653684, 'colsample_bytree': 0.9131097966974672, 'reg_lambda': 9.642246240212122, 'reg_alpha': 0.23357760386764334}"
catboost,CatBoost,0.1733233656958513,11,0.17160571375151715,0.684864198235821,0.08386062408996507,0.2979962741113056,0.21007525083612041,0.20241691842900303,198597,19136,958.5579161643982,32.21816110610962,"{'iterations': 800, 'depth': 4, 'learning_rate': 0.02122181110863291, 'l2_leaf_reg': 9.908707064515257, 'bagging_temperature': 0.9989070167377889, 'border_count': 64}"
hist_gradient_boosting,Hist Gradient Boosting,0.17205918202676038,14,0.1712830852574443,0.6843927464646132,0.08388008004181075,0.2981102945035984,0.21028428093645485,0.2026183282980866,198597,19136,1001.1954145431519,32.65085005760193,"{'max_iter': 300, 'learning_rate': 0.020953832908953973, 'max_leaf_nodes': 15, 'min_samples_leaf': 20, 'l2_regularization': 0.17784900020511057, 'max_bins': 255}"
