name,display_name,pr_auc,roc_auc,brier,log_loss,recall_at_top10,precision_at_top10,n,n_pos,fit_time_s,predict_time_s
mlp,PyTorch MLP,0.15734641957537537,0.6664784579747897,0.217422148528641,0.6173680995162562,0.19512959866220736,0.18801611278952668,198597,19136,15.662050724029541,0.13808107376098633
ft_transformer,FT-Transformer,0.15337465495319738,0.6619417373039883,0.2163322759037388,0.6151307759795315,0.18608904682274247,0.17930513595166164,198597,19136,1216.8845615386963,59.1934757232666
tabnet,TabNet,0.15321366480286724,0.6619950288502329,0.08469738945825862,0.30266933656059075,0.18457357859531773,0.17784491440080563,198597,19136,29.70331120491028,3.059831142425537
flaml_automl,FLAML AutoML,0.1490154176048306,0.6472222214230632,0.08662452247653461,0.31642552522379497,0.18290133779264214,0.17623363544813697,198597,19136,300.6708462238312,0.10252237319946289
